{
	"info": {
		"_postman_id": "bb361a20-bca1-417e-b731-16af3bf972b4",
		"name": "Upwork-Petricia Apis",
		"schema": "https://schema.getpostman.com/json/collection/v2.1.0/collection.json"
	},
	"item": [
		{
			"name": "Auth APis",
			"item": [
				{
					"name": "Sign UP API",
					"request": {
						"method": "POST",
						"header": [],
						"body": {
							"mode": "raw",
							"raw": "{\n    \"email\": \"gull@gmail.com\",\n    \"password\": \"123456\"\n}",
							"options": {
								"raw": {
									"language": "json"
								}
							}
						},
						"url": {
							"raw": "http://localhost:8080/api/auth/signup/",
							"protocol": "http",
							"host": [
								"localhost"
							],
							"port": "8080",
							"path": [
								"api",
								"auth",
								"signup",
								""
							]
						}
					},
					"response": []
				},
				{
					"name": "Auth Token API",
					"request": {
						"method": "POST",
						"header": [],
						"body": {
							"mode": "raw",
							"raw": "{\n    \"email\": \"laib@gmail.com\",\n    \"password\": \"123456\"\n}",
							"options": {
								"raw": {
									"language": "json"
								}
							}
						},
						"url": {
							"raw": "http://localhost:8080/api/auth/",
							"protocol": "http",
							"host": [
								"localhost"
							],
							"port": "8080",
							"path": [
								"api",
								"auth",
								""
							]
						}
					},
					"response": []
				},
				{
					"name": "My Picks",
					"request": {
						"auth": {
							"type": "bearer",
							"bearer": [
								{
									"key": "token",
									"value": "eyJhbGciOiJIUzUxMiJ9.eyJzdWIiOiJndWxsQGdtYWlsLmNvbSIsImV4cCI6MTYxODIyNDUzMCwiaWF0IjoxNjE2OTI4NTMwfQ.lKwdDAkxve06EgeDE-9B_IAf5QbTyf3jxmTulMrhVW3OqQ-fHX4jgDGJFh9U_Z_C0U7Ck8gBl_OLE81Q9II6Ww",
									"type": "string"
								}
							]
						},
						"method": "GET",
						"header": [],
						"url": {
							"raw": "http://localhost:8080/api/auth/2/picks/",
							"protocol": "http",
							"host": [
								"localhost"
							],
							"port": "8080",
							"path": [
								"api",
								"auth",
								"2",
								"picks",
								""
							]
						}
					},
					"response": []
				}
			]
		},
		{
			"name": "Library APIs",
			"item": [
				{
					"name": "Library CRUD",
					"request": {
						"auth": {
							"type": "bearer",
							"bearer": [
								{
									"key": "token",
									"value": "eyJhbGciOiJIUzUxMiJ9.eyJzdWIiOiJndWxsQGdtYWlsLmNvbSIsImV4cCI6MTYxODIyMDU5MCwiaWF0IjoxNjE2OTI0NTkwfQ.l3xVGtxpj39Yca8AI2ZW1i1HvpN6YPUQEPPKSqGnjbskxb2sKOswexSeTUkTGxiUQjPhmmKDz83gQVmzOOtwcw",
									"type": "string"
								}
							]
						},
						"method": "POST",
						"header": [],
						"body": {
							"mode": "raw",
							"raw": "{\n    \"name\": \"Allama Iqbal Library\",\n    \"location\": \"Gujrat\"\n}",
							"options": {
								"raw": {
									"language": "json"
								}
							}
						},
						"url": {
							"raw": "http://localhost:8080/api/libraries/",
							"protocol": "http",
							"host": [
								"localhost"
							],
							"port": "8080",
							"path": [
								"api",
								"libraries",
								""
							]
						}
					},
					"response": []
				}
			]
		},
		{
			"name": "Book APIs",
			"item": [
				{
					"name": "Book-API",
					"request": {
						"method": "GET",
						"header": [],
						"url": {
							"raw": "http://localhost:8080/api/books/?search=economy",
							"protocol": "http",
							"host": [
								"localhost"
							],
							"port": "8080",
							"path": [
								"api",
								"books",
								""
							],
							"query": [
								{
									"key": "search",
									"value": "economy"
								}
							]
						}
					},
					"response": []
				},
				{
					"name": "Picking a book",
					"request": {
						"auth": {
							"type": "bearer",
							"bearer": [
								{
									"key": "token",
									"value": "eyJhbGciOiJIUzUxMiJ9.eyJzdWIiOiJsYWliQGdtYWlsLmNvbSIsImV4cCI6MTYxODIyMzYwOCwiaWF0IjoxNjE2OTI3NjA4fQ.4i1R5m2g9exrY1bkOuGnSP11RnWWDDkqBr0XZaEJ04JVIagL82lM_R1YnB3jX_DgJx5sKTgg8MOtv9DtPrgKqQ",
									"type": "string"
								}
							]
						},
						"method": "POST",
						"header": [],
						"url": {
							"raw": "http://localhost:8080/api/books/11/pick/1",
							"protocol": "http",
							"host": [
								"localhost"
							],
							"port": "8080",
							"path": [
								"api",
								"books",
								"11",
								"pick",
								"1"
							]
						}
					},
					"response": []
				},
				{
					"name": "Drop Book",
					"request": {
						"auth": {
							"type": "bearer",
							"bearer": [
								{
									"key": "token",
									"value": "eyJhbGciOiJIUzUxMiJ9.eyJzdWIiOiJndWxsQGdtYWlsLmNvbSIsImV4cCI6MTYxODIyNDUzMCwiaWF0IjoxNjE2OTI4NTMwfQ.lKwdDAkxve06EgeDE-9B_IAf5QbTyf3jxmTulMrhVW3OqQ-fHX4jgDGJFh9U_Z_C0U7Ck8gBl_OLE81Q9II6Ww",
									"type": "string"
								}
							]
						},
						"method": "POST",
						"header": [],
						"url": {
							"raw": "http://localhost:8080/api/books/11/drop/1",
							"protocol": "http",
							"host": [
								"localhost"
							],
							"port": "8080",
							"path": [
								"api",
								"books",
								"11",
								"drop",
								"1"
							]
						}
					},
					"response": []
				}
			]
		},
		{
			"name": "Category-API",
			"request": {
				"auth": {
					"type": "bearer",
					"bearer": [
						{
							"key": "token",
							"value": "eyJhbGciOiJIUzUxMiJ9.eyJzdWIiOiJndWxsQGdtYWlsLmNvbSIsImV4cCI6MTYxODIyMDU5MCwiaWF0IjoxNjE2OTI0NTkwfQ.l3xVGtxpj39Yca8AI2ZW1i1HvpN6YPUQEPPKSqGnjbskxb2sKOswexSeTUkTGxiUQjPhmmKDz83gQVmzOOtwcw",
							"type": "string"
						}
					]
				},
				"method": "POST",
				"header": [],
				"body": {
					"mode": "raw",
					"raw": "{\n    \"name\": \"Stem\",\n    \"library\": {\n        \"id\": 1\n    }\n}",
					"options": {
						"raw": {
							"language": "json"
						}
					}
				},
				"url": {
					"raw": "http://localhost:8080/api/categories/",
					"protocol": "http",
					"host": [
						"localhost"
					],
					"port": "8080",
					"path": [
						"api",
						"categories",
						""
					]
				}
			},
			"response": []
		}
	]
}